{
	"$schema": "https://schema.management.azure.com/schemas/2015-01-01/deploymentTemplate.json#",
	"contentVersion": "1.0.0.0",
	"parameters": {
		"location": {
			"type": "string"
		},
		"vmName": {
			"type": "string"
		},
		"imageSku": {
			"type": "string"
		},
		"imageOffer": {
			"type": "string"
		},
		"imageVersion": {
			"type": "string"
		},
		"imagePublisher": {
			"type": "string"
		},
		"nicName": {
			"type": "string"
		},
		"vmSize": {
			"type": "string"
		},
		"availabilitySetName": {
			"type": "string"
		},
		"adminUserName": {
			"type": "string"
		},
		"adminPassword": {
			"type": "securestring"
		},
		"newStorageAccount": {
			"type": "string"
		},
		"sshKey": {
			"type": "string"
		},
		"availabilitySetName": {
			"type": "string"
		}
	},
	"variables": {
		"apiVersion": "2015-06-15"
	},
	"resources": [{
		"apiVersion": "[variables('apiVersion')]",
		"type": "Microsoft.Compute/virtualMachines",
		"name": "[parameters('vmName')]",
		"location": "[parameters('location')]",
		"plan": {
			"name": "[parameters('imageSku')]",
			"product": "[parameters('imageOffer')]",
			"publisher": "[parameters('imagePublisher')]"
		},
		"properties": {
			"availabilitySet": {
				"id": "[resourceId('Microsoft.Compute/availabilitySets',parameters('availabilitySetName'))]"
			},
			"hardwareProfile": {
				"vmSize": "[parameters('vmSize')]"
			},
			"osProfile": {
				"computerName": "[parameters('vmName')]",
				"adminUsername": "[parameters('adminUsername')]",
				"adminPassword": "[parameters('adminPassword')]"
			},
			"storageProfile": {
				"imageReference": {
					"publisher": "[parameters('imagePublisher')]",
					"offer": "[parameters('imageOffer')]",
					"version": "[parameters('imageVersion')]",
					"sku": "[parameters('imageSku')]"
				},
				"osDisk": {
					"name": "osdisk",
					"vhd": {
						"uri": "[concat('http://', parameters('newStorageAccount'), '.blob.core.windows.net/vhds/', parameters('vmName'), '-', parameters('imageOffer'), '-', parameters('imageSku'), '.vhd')]"
					},
					"caching": "ReadWrite",
					"createOption": "FromImage"
				}
			},
			"networkProfile": {
				"networkInterfaces": [{
					"id": "[resourceId('Microsoft.Network/networkInterfaces',concat(parameters('nicName'),'0'))]",
					"properties": {
						"primary": true
					}
				}, {
					"id": "[resourceId('Microsoft.Network/networkInterfaces',concat(parameters('nicName'),'1'))]",
					"properties": {
						"primary": false
					}
				}, {
					"id": "[resourceId('Microsoft.Network/networkInterfaces',concat(parameters('nicName'),'2'))]",
					"properties": {
						"primary": false
					}
				}]
			}
		}
	}]
}
