{
  "$schema": "http://schema.management.azure.com/schemas/2015-01-01/deploymentParameters.json#",
  "contentVersion": "1.0.0.0",
  "parameters": {
    "StorageAccountName": {
      "value": "pantestdrivetest"
    },
    "FirewallDnsName": {
      "value": "pan-fw"
    },
    "WebServerDnsName": {
      "value": "pan-web"
    },
    "FirewallVmName": {
      "value": "pan-fw"
    },
    "FirewallVmSize": {
      "value": "Standard_D3_v2"
    },
    "FromGatewayLogin": {
      "value": "0.0.0.0/0"
    }
  }
}
