<?xml version="1.0"?>
<config version="7.1.0" urldb="paloaltonetworks">
  <mgt-config>
    <users>
      <entry name="paloalto">
        <permissions>
          <role-based>
            <superuser>yes</superuser>
          </role-based>
        </permissions>
        <phash>$1$omtpasik$JVuMCKVuxaIHBIkdrbR4k.</phash>
      </entry>
    </users>
  </mgt-config>
  <shared>
    <application/>
    <application-group/>
    <service/>
    <service-group/>
    <botnet>
      <configuration>
        <http>
          <dynamic-dns>
            <enabled>yes</enabled>
            <threshold>5</threshold>
          </dynamic-dns>
          <malware-sites>
            <enabled>yes</enabled>
            <threshold>5</threshold>
          </malware-sites>
          <recent-domains>
            <enabled>yes</enabled>
            <threshold>5</threshold>
          </recent-domains>
          <ip-domains>
            <enabled>yes</enabled>
            <threshold>10</threshold>
          </ip-domains>
          <executables-from-unknown-sites>
            <enabled>yes</enabled>
            <threshold>5</threshold>
          </executables-from-unknown-sites>
        </http>
        <other-applications>
          <irc>yes</irc>
        </other-applications>
        <unknown-applications>
          <unknown-tcp>
            <destinations-per-hour>10</destinations-per-hour>
            <sessions-per-hour>10</sessions-per-hour>
            <session-length>
              <maximum-bytes>100</maximum-bytes>
              <minimum-bytes>50</minimum-bytes>
            </session-length>
          </unknown-tcp>
          <unknown-udp>
            <destinations-per-hour>10</destinations-per-hour>
            <sessions-per-hour>10</sessions-per-hour>
            <session-length>
              <maximum-bytes>100</maximum-bytes>
              <minimum-bytes>50</minimum-bytes>
            </session-length>
          </unknown-udp>
        </unknown-applications>
      </configuration>
      <report>
        <topn>100</topn>
        <scheduled>yes</scheduled>
      </report>
    </botnet>
    <content-preview>
      <application/>
      <application-type>
        <category/>
        <technology/>
      </application-type>
    </content-preview>
  </shared>
  <devices>
    <entry name="localhost.localdomain">
      <network>
        <interface>
          <ethernet>
            <entry name="ethernet1/1">
              <layer3>
                <dhcp-client>
                  <create-default-route>yes</create-default-route>
                </dhcp-client>
              </layer3>
            </entry>
            <entry name="ethernet1/2">
              <layer3>
                <dhcp-client>
                  <create-default-route>no</create-default-route>
                </dhcp-client>
              </layer3>
            </entry>
          </ethernet>
        </interface>
        <profiles>
          <monitor-profile>
            <entry name="default">
              <interval>3</interval>
              <threshold>5</threshold>
              <action>wait-recover</action>
            </entry>
          </monitor-profile>
        </profiles>
        <ike>
          <crypto-profiles>
            <ike-crypto-profiles>
              <entry name="default">
                <encryption>
                  <member>aes-128-cbc</member>
                  <member>3des</member>
                </encryption>
                <hash>
                  <member>sha1</member>
                </hash>
                <dh-group>
                  <member>group2</member>
                </dh-group>
                <lifetime>
                  <hours>8</hours>
                </lifetime>
              </entry>
              <entry name="Suite-B-GCM-128">
                <encryption>
                  <member>aes-128-cbc</member>
                </encryption>
                <hash>
                  <member>sha256</member>
                </hash>
                <dh-group>
                  <member>group19</member>
                </dh-group>
                <lifetime>
                  <hours>8</hours>
                </lifetime>
              </entry>
              <entry name="Suite-B-GCM-256">
                <encryption>
                  <member>aes-256-cbc</member>
                </encryption>
                <hash>
                  <member>sha384</member>
                </hash>
                <dh-group>
                  <member>group20</member>
                </dh-group>
                <lifetime>
                  <hours>8</hours>
                </lifetime>
              </entry>
            </ike-crypto-profiles>
            <ipsec-crypto-profiles>
              <entry name="default">
                <esp>
                  <encryption>
                    <member>aes-128-cbc</member>
                    <member>3des</member>
                  </encryption>
                  <authentication>
                    <member>sha1</member>
                  </authentication>
                </esp>
                <dh-group>group2</dh-group>
                <lifetime>
                  <hours>1</hours>
                </lifetime>
              </entry>
              <entry name="Suite-B-GCM-128">
                <esp>
                  <encryption>
                    <member>aes-128-gcm</member>
                  </encryption>
                  <authentication>
                    <member>none</member>
                  </authentication>
                </esp>
                <dh-group>group19</dh-group>
                <lifetime>
                  <hours>1</hours>
                </lifetime>
              </entry>
              <entry name="Suite-B-GCM-256">
                <esp>
                  <encryption>
                    <member>aes-256-gcm</member>
                  </encryption>
                  <authentication>
                    <member>none</member>
                  </authentication>
                </esp>
                <dh-group>group20</dh-group>
                <lifetime>
                  <hours>1</hours>
                </lifetime>
              </entry>
            </ipsec-crypto-profiles>
            <global-protect-app-crypto-profiles>
              <entry name="default">
                <encryption>
                  <member>aes-128-cbc</member>
                </encryption>
                <authentication>
                  <member>sha1</member>
                </authentication>
              </entry>
            </global-protect-app-crypto-profiles>
          </crypto-profiles>
        </ike>
        <qos>
          <profile>
            <entry name="default">
              <class>
                <entry name="class1">
                  <priority>real-time</priority>
                </entry>
                <entry name="class2">
                  <priority>high</priority>
                </entry>
                <entry name="class3">
                  <priority>high</priority>
                </entry>
                <entry name="class4">
                  <priority>medium</priority>
                </entry>
                <entry name="class5">
                  <priority>medium</priority>
                </entry>
                <entry name="class6">
                  <priority>low</priority>
                </entry>
                <entry name="class7">
                  <priority>low</priority>
                </entry>
                <entry name="class8">
                  <priority>low</priority>
                </entry>
              </class>
            </entry>
          </profile>
        </qos>
        <virtual-router>
          <entry name="default">
            <protocol>
              <bgp>
                <enable>no</enable>
                <dampening-profile>
                  <entry name="default">
                    <cutoff>1.25</cutoff>
                    <reuse>0.5</reuse>
                    <max-hold-time>900</max-hold-time>
                    <decay-half-life-reachable>300</decay-half-life-reachable>
                    <decay-half-life-unreachable>900</decay-half-life-unreachable>
                    <enable>yes</enable>
                  </entry>
                </dampening-profile>
                <routing-options>
                  <graceful-restart>
                    <enable>yes</enable>
                  </graceful-restart>
                </routing-options>
              </bgp>
            </protocol>
            <interface>
              <member>ethernet1/1</member>
              <member>ethernet1/2</member>
            </interface>
            <ecmp>
              <algorithm>
                <ip-modulo/>
              </algorithm>
            </ecmp>
            <routing-table>
              <ip>
                <static-route>
                  <entry name="outbound">
                    <nexthop>
                      <ip-address>10.5.1.1</ip-address>
                    </nexthop>
                    <bfd>
                      <profile>None</profile>
                    </bfd>
                    <interface>ethernet1/1</interface>
                    <metric>10</metric>
                    <destination>0.0.0.0/0</destination>
                  </entry>
                  <entry name="to-web">
                    <nexthop>
                      <ip-address>10.5.2.1</ip-address>
                    </nexthop>
                    <bfd>
                      <profile>None</profile>
                    </bfd>
                    <interface>ethernet1/2</interface>
                    <metric>10</metric>
                    <destination>10.5.3.0/24</destination>
                  </entry>
                  <entry name="to-db">
                    <nexthop>
                      <ip-address>10.5.2.1</ip-address>
                    </nexthop>
                    <bfd>
                      <profile>None</profile>
                    </bfd>
                    <interface>ethernet1/2</interface>
                    <metric>10</metric>
                    <destination>10.5.4.0/24</destination>
                  </entry>
                </static-route>
              </ip>
            </routing-table>
          </entry>
        </virtual-router>
      </network>
      <deviceconfig>
        <system>
          <update-server>updates.paloaltonetworks.com</update-server>
          <update-schedule>
            <threats>
              <recurring>
                <weekly>
                  <day-of-week>wednesday</day-of-week>
                  <at>01:02</at>
                  <action>download-only</action>
                </weekly>
              </recurring>
            </threats>
          </update-schedule>
          <timezone>US/Pacific</timezone>
          <service>
            <disable-telnet>yes</disable-telnet>
            <disable-http>yes</disable-http>
          </service>
          <hostname>pan-fw</hostname>
          <dns-setting>
            <servers>
              <primary>168.63.129.16</primary>
            </servers>
          </dns-setting>
          <type>
            <dhcp-client>
              <send-hostname>yes</send-hostname>
              <send-client-id>no</send-client-id>
              <accept-dhcp-hostname>no</accept-dhcp-hostname>
              <accept-dhcp-domain>no</accept-dhcp-domain>
            </dhcp-client>
          </type>
        </system>
        <setting>
          <config>
            <rematch>yes</rematch>
          </config>
          <management>
            <hostname-type-in-syslog>FQDN</hostname-type-in-syslog>
            <initcfg>
              <type>
                <dhcp-client>
                  <send-hostname>yes</send-hostname>
                  <send-client-id>no</send-client-id>
                  <accept-dhcp-hostname>no</accept-dhcp-hostname>
                  <accept-dhcp-domain>no</accept-dhcp-domain>
                </dhcp-client>
              </type>
              <hostname>pan-fw</hostname>
            </initcfg>
          </management>
        </setting>
      </deviceconfig>
      <vsys>
        <entry name="vsys1">
          <application/>
          <application-group/>
          <zone>
            <entry name="Untrust">
              <network>
                <layer3>
                  <member>ethernet1/1</member>
                </layer3>
              </network>
            </entry>
            <entry name="Trust">
              <network>
                <layer3>
                  <member>ethernet1/2</member>
                </layer3>
              </network>
            </entry>
            <entry name="db">
              <network>
                <layer3/>
              </network>
            </entry>
          </zone>
          <service>
            <entry name="service-tcp-22">
              <protocol>
                <tcp>
                  <port>22</port>
                </tcp>
              </protocol>
            </entry>
            <entry name="service-tcp-221">
              <protocol>
                <tcp>
                  <port>221</port>
                </tcp>
              </protocol>
            </entry>
            <entry name="service-tcp-222">
              <protocol>
                <tcp>
                  <port>222</port>
                </tcp>
              </protocol>
            </entry>
          </service>
          <service-group/>
          <schedule/>
          <rulebase>
            <security>
              <rules>
                <entry name="SSH inbound">
                  <to>
                    <member>Trust</member>
                  </to>
                  <from>
                    <member>Untrust</member>
                  </from>
                  <source>
                    <member>any</member>
                  </source>
                  <destination>
                    <member>any</member>
                  </destination>
                  <source-user>
                    <member>any</member>
                  </source-user>
                  <category>
                    <member>any</member>
                  </category>
                  <application>
                    <member>ping</member>
                    <member>ssh</member>
                  </application>
                  <service>
                    <member>application-default</member>
                  </service>
                  <hip-profiles>
                    <member>any</member>
                  </hip-profiles>
                  <log-start>yes</log-start>
                  <log-end>yes</log-end>
                  <action>allow</action>
                  <disabled>no</disabled>
                </entry>
                <entry name="SSH 221-222 inbound">
                  <to>
                    <member>Trust</member>
                  </to>
                  <from>
                    <member>Untrust</member>
                  </from>
                  <source>
                    <member>any</member>
                  </source>
                  <destination>
                    <member>any</member>
                  </destination>
                  <source-user>
                    <member>any</member>
                  </source-user>
                  <category>
                    <member>any</member>
                  </category>
                  <application>
                    <member>ping</member>
                    <member>ssh</member>
                  </application>
                  <service>
                    <member>service-tcp-221</member>
                    <member>service-tcp-222</member>
                  </service>
                  <hip-profiles>
                    <member>any</member>
                  </hip-profiles>
                  <log-start>yes</log-start>
                  <log-end>yes</log-end>
                  <action>allow</action>
                  <disabled>no</disabled>
                </entry>
                <entry name="Allow all ping">
                  <to>
                    <member>any</member>
                  </to>
                  <from>
                    <member>any</member>
                  </from>
                  <source>
                    <member>any</member>
                  </source>
                  <destination>
                    <member>any</member>
                  </destination>
                  <source-user>
                    <member>any</member>
                  </source-user>
                  <category>
                    <member>any</member>
                  </category>
                  <application>
                    <member>ping</member>
                  </application>
                  <service>
                    <member>application-default</member>
                  </service>
                  <hip-profiles>
                    <member>any</member>
                  </hip-profiles>
                  <log-start>yes</log-start>
                  <log-end>yes</log-end>
                  <action>allow</action>
                </entry>
                <entry name="Web browsing">
                  <to>
                    <member>Trust</member>
                  </to>
                  <from>
                    <member>Untrust</member>
                  </from>
                  <source>
                    <member>any</member>
                  </source>
                  <destination>
                    <member>any</member>
                  </destination>
                  <source-user>
                    <member>any</member>
                  </source-user>
                  <category>
                    <member>any</member>
                  </category>
                  <application>
                    <member>any</member>
                  </application>
                  <service>
                    <member>service-http</member>
                  </service>
                  <hip-profiles>
                    <member>any</member>
                  </hip-profiles>
                  <log-start>yes</log-start>
                  <log-end>yes</log-end>
                  <action>allow</action>
                </entry>
                <entry name="Allow all outbound">
                  <to>
                    <member>Untrust</member>
                  </to>
                  <from>
                    <member>Trust</member>
                  </from>
                  <source>
                    <member>any</member>
                  </source>
                  <destination>
                    <member>any</member>
                  </destination>
                  <source-user>
                    <member>any</member>
                  </source-user>
                  <category>
                    <member>any</member>
                  </category>
                  <application>
                    <member>any</member>
                  </application>
                  <service>
                    <member>application-default</member>
                  </service>
                  <hip-profiles>
                    <member>any</member>
                  </hip-profiles>
                  <log-start>yes</log-start>
                  <log-end>yes</log-end>
                  <action>allow</action>
                </entry>
                <entry name="Web to DB">
                  <to>
                    <member>any</member>
                  </to>
                  <from>
                    <member>any</member>
                  </from>
                  <source>
                    <member>web-object</member>
                  </source>
                  <destination>
                    <member>db-object</member>
                  </destination>
                  <source-user>
                    <member>any</member>
                  </source-user>
                  <category>
                    <member>any</member>
                  </category>
                  <application>
                    <member>mysql</member>
                  </application>
                  <service>
                    <member>application-default</member>
                  </service>
                  <hip-profiles>
                    <member>any</member>
                  </hip-profiles>
                  <log-start>yes</log-start>
                  <log-end>yes</log-end>
                  <action>allow</action>
                  <profile-setting>
                    <profiles>
                      <vulnerability>
                        <member>Test Drive</member>
                      </vulnerability>
                    </profiles>
                  </profile-setting>
                </entry>
                <entry name="Log default deny">
                  <to>
                    <member>any</member>
                  </to>
                  <from>
                    <member>any</member>
                  </from>
                  <source>
                    <member>any</member>
                  </source>
                  <destination>
                    <member>any</member>
                  </destination>
                  <source-user>
                    <member>any</member>
                  </source-user>
                  <category>
                    <member>any</member>
                  </category>
                  <application>
                    <member>any</member>
                  </application>
                  <service>
                    <member>any</member>
                  </service>
                  <hip-profiles>
                    <member>any</member>
                  </hip-profiles>
                  <log-start>yes</log-start>
                  <log-end>yes</log-end>
                  <action>deny</action>
                  <disabled>no</disabled>
                </entry>
              </rules>
            </security>
            <nat>
              <rules>
                <entry name="Web SSH">
                  <destination-translation>
                    <translated-address>10.5.3.5</translated-address>
                    <translated-port>22</translated-port>
                  </destination-translation>
                  <source-translation>
                    <dynamic-ip-and-port>
                      <interface-address>
                        <interface>ethernet1/2</interface>
                      </interface-address>
                    </dynamic-ip-and-port>
                  </source-translation>
                  <to>
                    <member>Untrust</member>
                  </to>
                  <from>
                    <member>Untrust</member>
                  </from>
                  <source>
                    <member>any</member>
                  </source>
                  <destination>
                    <member>10.5.1.4</member>
                  </destination>
                  <service>service-tcp-221</service>
                  <nat-type>ipv4</nat-type>
                </entry>
                <entry name="DB SSH">
                  <destination-translation>
                    <translated-address>10.5.4.5</translated-address>
                    <translated-port>22</translated-port>
                  </destination-translation>
                  <source-translation>
                    <dynamic-ip-and-port>
                      <interface-address>
                        <interface>ethernet1/2</interface>
                      </interface-address>
                    </dynamic-ip-and-port>
                  </source-translation>
                  <to>
                    <member>Untrust</member>
                  </to>
                  <from>
                    <member>Untrust</member>
                  </from>
                  <source>
                    <member>any</member>
                  </source>
                  <destination>
                    <member>10.5.1.4</member>
                  </destination>
                  <service>service-tcp-222</service>
                  <nat-type>ipv4</nat-type>
                  <disabled>no</disabled>
                </entry>
                <entry name="WordPress NAT">
                  <destination-translation>
                    <translated-address>10.5.3.5</translated-address>
                    <translated-port>80</translated-port>
                  </destination-translation>
                  <source-translation>
                    <dynamic-ip-and-port>
                      <interface-address>
                        <interface>ethernet1/2</interface>
                      </interface-address>
                    </dynamic-ip-and-port>
                  </source-translation>
                  <to>
                    <member>Untrust</member>
                  </to>
                  <from>
                    <member>Untrust</member>
                  </from>
                  <source>
                    <member>any</member>
                  </source>
                  <destination>
                    <member>10.5.1.4</member>
                  </destination>
                  <service>service-http</service>
                  <nat-type>ipv4</nat-type>
                  <disabled>no</disabled>
                </entry>
                <entry name="Outbound nat">
                  <source-translation>
                    <dynamic-ip-and-port>
                      <interface-address>
                        <interface>ethernet1/1</interface>
                      </interface-address>
                    </dynamic-ip-and-port>
                  </source-translation>
                  <to>
                    <member>Untrust</member>
                  </to>
                  <from>
                    <member>any</member>
                  </from>
                  <source>
                    <member>any</member>
                  </source>
                  <destination>
                    <member>any</member>
                  </destination>
                  <service>any</service>
                  <nat-type>ipv4</nat-type>
                </entry>
              </rules>
            </nat>
          </rulebase>
          <profiles>
            <vulnerability>
              <entry name="Test Drive">
                <rules>
                  <entry name="simple-client-critical">
                    <cve>
                      <member>any</member>
                    </cve>
                    <vendor-id>
                      <member>any</member>
                    </vendor-id>
                    <severity>
                      <member>critical</member>
                    </severity>
                    <threat-name>any</threat-name>
                    <host>client</host>
                    <category>any</category>
                    <packet-capture>disable</packet-capture>
                    <action>
                      <default/>
                    </action>
                  </entry>
                  <entry name="simple-client-high">
                    <cve>
                      <member>any</member>
                    </cve>
                    <vendor-id>
                      <member>any</member>
                    </vendor-id>
                    <severity>
                      <member>high</member>
                    </severity>
                    <threat-name>any</threat-name>
                    <host>client</host>
                    <category>any</category>
                    <packet-capture>disable</packet-capture>
                    <action>
                      <default/>
                    </action>
                  </entry>
                  <entry name="simple-client-medium">
                    <cve>
                      <member>any</member>
                    </cve>
                    <vendor-id>
                      <member>any</member>
                    </vendor-id>
                    <severity>
                      <member>medium</member>
                    </severity>
                    <threat-name>any</threat-name>
                    <host>client</host>
                    <category>any</category>
                    <packet-capture>disable</packet-capture>
                    <action>
                      <default/>
                    </action>
                  </entry>
                  <entry name="simple-server-critical">
                    <cve>
                      <member>any</member>
                    </cve>
                    <vendor-id>
                      <member>any</member>
                    </vendor-id>
                    <severity>
                      <member>critical</member>
                    </severity>
                    <threat-name>any</threat-name>
                    <host>server</host>
                    <category>any</category>
                    <packet-capture>disable</packet-capture>
                    <action>
                      <default/>
                    </action>
                  </entry>
                  <entry name="simple-server-high">
                    <cve>
                      <member>any</member>
                    </cve>
                    <vendor-id>
                      <member>any</member>
                    </vendor-id>
                    <severity>
                      <member>high</member>
                    </severity>
                    <threat-name>any</threat-name>
                    <host>server</host>
                    <category>any</category>
                    <packet-capture>disable</packet-capture>
                    <action>
                      <default/>
                    </action>
                  </entry>
                  <entry name="simple-server-medium">
                    <cve>
                      <member>any</member>
                    </cve>
                    <vendor-id>
                      <member>any</member>
                    </vendor-id>
                    <severity>
                      <member>medium</member>
                    </severity>
                    <threat-name>any</threat-name>
                    <host>server</host>
                    <category>any</category>
                    <packet-capture>disable</packet-capture>
                    <action>
                      <default/>
                    </action>
                  </entry>
                </rules>
                <threat-exception>
                  <entry name="31719">
                    <action>
                      <reset-client/>
                    </action>
                  </entry>
                </threat-exception>
                <description>WW's profile</description>
              </entry>
            </vulnerability>
          </profiles>
          <address>
            <entry name="web-object">
              <ip-netmask>10.5.3.5</ip-netmask>
            </entry>
            <entry name="db-object">
              <ip-netmask>10.5.4.5</ip-netmask>
            </entry>
          </address>
        </entry>
      </vsys>
    </entry>
  </devices>
</config>
