{
  "$schema": "https://schema.management.azure.com/schemas/2015-01-01/deploymentTemplate.json#",
  "contentVersion": "1.0.0.0",
  "parameters": {
    "location": {
      "type": "string"
    },
    "vmName": {
      "type": "string"
    },
    "imageSku": {
      "type": "string"
    },
    "imageOffer": {
      "type": "string"
    },
    "imagePublisher": {
      "type": "string"
    },
    "nicName": {
      "type": "string"
    },
    "vmSize": {
      "type": "string"
    },
    "adminUsername": {
      "type": "string"
    },
    "adminPassword": {
      "type": "securestring"
    },
    "newStorageAccount": {
      "type": "string"
    },
    "sshKey": {
      "type": "string"
    }
  },
  "variables": {
        "apiVersion": "2015-06-15",
	"sshKeyPath": "[concat('/home/',parameters('adminUsername'),'/.ssh/authorized_keys')]"
  },
  "resources": [
  {
        "apiVersion": "[variables('apiVersion')]",
        "type": "Microsoft.Compute/virtualMachines",
        "name": "[parameters('vmName')]",
        "location": "[parameters('location')]",
        "plan": {
           "name": "[parameters('imageSku')]",
           "product": "[parameters('imageOffer')]",
           "publisher": "[parameters('imagePublisher')]"
        },
        "properties": {
            "hardwareProfile": {
                "vmSize": "[parameters('vmSize')]"
            },
            "osProfile": {
                "computerName": "[parameters('vmName')]",
                "adminUsername": "[parameters('adminUsername')]",
                "linuxConfiguration": {
                        "disablePasswordAuthentication": "true",
                        "ssh": {
                            "publicKeys": [
                                {
                                    "path": "[variables('sshKeyPath')]",
                                    "keyData": "[parameters('sshKey')]"
                                }
                            ]
                        }
                }
            },
            "storageProfile": {
                "imageReference": {
                    "publisher": "[parameters('imagePublisher')]",
                    "offer": "[parameters('imageOffer')]",
                    "sku": "[parameters('imageSku')]",
                    "version": "latest"
                },
                "osDisk": {
                    "name": "osdisk",
                    "vhd": {
                        "uri": "[concat('http://', parameters('newStorageAccount'), '.blob.core.windows.net/vhds/', parameters('vmName'), '-', parameters('imageOffer'), '-', parameters('imageSku'), '.vhd')]"
                    },
                    "caching": "ReadWrite",
                    "createOption": "FromImage"
                }
            },
            "networkProfile": {
                "networkInterfaces": [{
                    "id": "[resourceId('Microsoft.Network/networkInterfaces',concat(parameters('nicName'),'0'))]",
                    "properties": {
                        "primary": true
                    }
                }, {
                    "id": "[resourceId('Microsoft.Network/networkInterfaces',concat(parameters('nicName'),'1'))]",
                    "properties": {
                        "primary": false
                    }
                }, {
                    "id": "[resourceId('Microsoft.Network/networkInterfaces',concat(parameters('nicName'),'2'))]",
                    "properties": {
                        "primary": false
                    }
                }]
            }
        }
    }]
}
