{
  "$schema": "http://schema.management.azure.com/schemas/2015-01-01/deploymentParameters.json#",
  "contentVersion": "1.0.0.0",
  "parameters": {
    "adminUsername": {
      "value": "<UserName for all VMs in this template, cannot be admin or root>"
    },
    "adminPassword": {
      "value": "<Password for all VMs>"
    },
    "userImageStorageAccountName": {
      "value": "<your storage account name: new/existing>"
    },
    "dnsNameForFwPublicIP": {
      "value": "<Globally unique lowercase name for VM-Series eth0 (MGMT)>"
    },
    "dnsNameForNATPublicIP": {
      "value": "<Globally unique lowercase name for NAT VM>"
    },
    "fwVmName": {
      "value": "<Name of VM-Series in Azure portal>"
    },
    "fwVmSize": {
      "value": "Standard_D3"
    },
    "fromGatewayLogin": {
      "value": "<Your Source IP for Default NSG>"
    },
    "IPAddressPrefix": {
      "value": "192.168"
    }
  }
}

fullarmvms1